post_id,date,platform,likes,shares,comments,reach,hashtags,post_type
6eb392a9-9887-4f6f-8e4a-5a0658bf1c5d,2024-01-22 21:19:00,Twitter,61,269,286,839,#music #fitness #fun,image
75d4e8c9-824b-41ee-bb8b-ff952c2d9ff7,2024-02-28 15:35:00,Instagram,513,336,152,1568,#fashion #fun #food,texte
aab20414-13f7-4f50-9443-91904c382140,2024-02-13 23:56:00,Instagram,514,152,205,1606,#tech,texte
235de979-7d49-496f-8e92-48716be787ba,2024-03-25 23:40:00,Twitter,962,332,173,2183,#tech #food #music,texte
ed1cdf7e-4565-4d9b-bf55-667ecee1c7cb,2024-04-09 23:33:00,Twitter,351,470,100,1701,#music #fun #travel,image
5c2d2917-4d20-4e31-9bd4-3769b06ff27b,2024-03-27 04:29:00,Twitter,572,346,163,1829,#tech,image
b812ee5f-b3ff-4c9d-8784-a93f297fe2ab,2024-01-10 11:42:00,Twitter,340,264,3,843,#tech #inspiration #food,texte
8c94a8a8-245b-482a-bff3-897d110693ca,2024-02-08 20:19:00,Instagram,644,190,216,1453,#tech #art #food,image
688cbbfb-7582-43e7-b138-2dc463cc534b,2024-03-19 09:54:00,Instagram,298,61,106,1404,#food,image
cc1ba734-4e01-4b38-8d54-7c14327e69df,2024-01-20 16:00:00,Twitter,583,272,21,932,#travel #news #music,texte
b4e5f86b-a59b-4802-ab8d-e85a15b8aaa5,2024-01-14 13:46:00,Instagram,307,350,64,865,#fitness #music #fun,video
b3a762c6-a6aa-4b25-b415-134651a80fa9,2024-01-11 23:04:00,Twitter,95,91,121,427,#travel,image
44685a76-06be-469d-9c5b-eeca1cf640fc,2024-02-01 04:14:00,Instagram,99,355,57,1406,#fashion,texte
b4f56f79-ae1a-4ba7-9efc-88ef6f3e1dcf,2024-01-05 13:46:00,Twitter,660,204,248,1198,#news #music,texte
5f3499cd-4a03-4c8f-997f-d6db00068b90,2024-02-06 13:25:00,Twitter,576,16,81,1055,#travel #inspiration #news,video
c62c88d4-4628-41d2-b620-818e95475102,2024-01-29 14:39:00,Instagram,501,415,20,1927,#music,image
c8b3d73b-d33c-4e90-9a3c-05bfcfdfda51,2024-01-27 06:32:00,Instagram,566,118,92,1303,#art,texte
71ab9e6b-fcf4-4090-8ab7-f84ce92d594e,2024-02-23 13:00:00,Twitter,965,79,290,1423,#music #inspiration #food,video
f01951ee-4f3e-48dc-b0e2-7644e9a7c50e,2024-01-02 19:47:00,Twitter,11,333,82,1340,#food #music #travel,texte
8fcdf64a-c773-425c-9729-c3cb4b762234,2024-04-10 23:07:00,Twitter,356,117,131,1363,#art #food #music,image
29659f19-c1cf-4c35-892b-182bdda0456d,2024-01-07 16:32:00,Instagram,746,422,197,2067,#music #fashion,image
5e30dabb-1231-47f9-a141-cf4e17c41b24,2024-02-27 09:17:00,Twitter,108,232,4,828,#food #art,image
e6d0f6e8-10ff-49a7-ac14-950a71315ea7,2024-02-08 06:39:00,Twitter,706,302,243,1618,#fashion,video
5c67e1f0-4c62-45f1-8232-51100b8cb3f1,2024-03-26 06:14:00,Twitter,505,449,63,1592,#art #news #inspiration,video
54cfeaa8-cf70-4b9a-91e0-e383d8714230,2024-02-26 17:08:00,Instagram,59,339,216,1592,#travel #food #fashion,image
9eb82b23-f389-4fa9-9c3a-c73fee260c20,2024-03-18 20:09:00,Instagram,827,206,270,2284,#fitness,image
8249d4c9-8540-495f-bb4b-a461ffdeb403,2024-02-03 11:27:00,Instagram,933,92,253,1528,#fitness #tech,video
3b726bf0-802c-4ee1-bc8b-2d053545290a,2024-03-09 05:36:00,Instagram,634,415,92,1741,#news #tech,video
4b3a3e4f-cf12-4b6b-88d9-dc765ed3c266,2024-04-07 21:16:00,Instagram,150,480,290,1331,#music,video
84f2bec7-c514-4ee4-9bd2-21b73295717b,2024-02-21 20:57:00,Twitter,556,97,29,963,#art #inspiration,video
1ad36744-1898-4062-b221-85c48f0dac8a,2024-03-12 05:49:00,Twitter,313,438,56,983,#food #fashion #inspiration,image
49f63d5e-e360-4a61-bcd7-051b0c29fe90,2024-03-29 01:41:00,Instagram,991,496,75,1810,#music #fashion,texte
a13ba168-629b-4bdf-a4d7-ad65c27c4260,2024-03-31 22:28:00,Twitter,539,361,107,1781,#music,texte
e46b1ca3-2848-43fe-9d9a-eb93d28e31bd,2024-02-29 16:45:00,Twitter,665,498,5,1832,#art #inspiration,video
752fa5bc-faa9-4b96-8a4c-7e268f6c1138,2024-03-29 23:37:00,Twitter,132,200,210,981,#news,image
50bba393-604a-4f64-a9e9-7dfa0c811478,2024-02-16 23:25:00,Twitter,415,347,118,1851,#news #fun #music,image
d76f5997-8669-4f72-96e1-0f485f063c74,2024-01-29 13:21:00,Twitter,727,99,273,1418,#news #inspiration,texte
d656e63c-a196-4e58-9808-b724b89a3fc4,2024-01-22 13:00:00,Twitter,500,251,58,1581,#art #inspiration,texte
f09bffec-479e-47e2-8cbe-cd96317464a8,2024-02-17 00:49:00,Twitter,723,128,216,1202,#inspiration,texte
aada307d-ce8d-4e28-afae-9c3aa1929224,2024-03-07 17:03:00,Instagram,245,281,58,1489,#fashion #art #music,image
c9f6ba78-faec-4328-8951-a53a9f99eca0,2024-02-20 05:01:00,Instagram,727,48,157,1082,#fun,video
0a8c47ed-a51a-4770-9986-ec12d8c45399,2024-02-22 03:47:00,Twitter,482,422,220,1762,#fun #food,video
7cbf4d14-69f2-425d-b7be-1d6f08060cc0,2024-02-20 13:03:00,Twitter,812,323,8,1301,#fashion,video
8f5af203-e265-43e5-8e2d-eda397aad4e8,2024-01-31 19:27:00,Twitter,487,47,155,772,#inspiration #news #food,video
5b1d4dd9-321c-4718-a65a-b600e21a0653,2024-03-25 09:26:00,Twitter,837,358,202,2110,#fitness #tech,texte
d230e5fd-b4ed-4fb4-83df-5b00ce4e5c9f,2024-01-04 13:53:00,Twitter,589,396,93,1830,#food #tech #fun,image
1cd06354-07c9-4f9c-8853-f15777c72653,2024-01-21 09:19:00,Instagram,788,460,185,1963,#fashion #news,image
bed73425-07e3-4bf8-95fb-ca0d0f957e50,2024-01-23 23:44:00,Instagram,868,441,218,2024,#fun,video
c2f8dc51-80e9-42fb-b907-3a38292f3c71,2024-04-07 08:24:00,Instagram,321,73,256,1026,#music,texte
3589a538-fd01-4fda-bde6-a70b3d38ca09,2024-03-23 09:24:00,Instagram,159,18,51,570,#food #travel,image
3d52d105-422c-4539-9d73-2a1b64e619c6,2024-03-30 21:10:00,Instagram,433,178,118,1493,#fitness #inspiration #fun,video
c0b641a6-e4f2-4370-a481-7dd162e3f9c9,2024-03-29 05:27:00,Twitter,653,237,95,1719,#fashion #inspiration #news,texte
979b9b0f-1b7e-4c50-a788-6d6f805c3d83,2024-01-18 11:04:00,Instagram,378,184,109,1006,#tech,texte
6e56d49f-c66e-42f4-9b3b-6a4086dbd4b9,2024-01-05 04:56:00,Twitter,986,158,129,2062,#art #fun #fashion,video
9ac49001-dcc0-4974-8446-84bc6319b7a1,2024-01-11 10:27:00,Twitter,743,133,166,1555,#inspiration,texte
3990959f-8c68-41d9-b000-34cf9366ca26,2024-03-25 14:37:00,Instagram,769,219,108,1630,#fashion,video
9fbe1492-698e-4a9a-b655-52d06d3b15e0,2024-04-02 00:38:00,Instagram,813,402,28,1438,#tech #music #art,texte
547da631-0d39-40af-8d69-f8e54b7db597,2024-01-07 08:52:00,Twitter,334,462,206,1615,#fitness #tech #fashion,video
094539fc-8b7f-4fa2-8c1b-306088236c4b,2024-01-22 05:04:00,Instagram,221,141,16,1172,#art,video
7df365fb-0069-4936-b175-5adf278e7c37,2024-02-13 08:48:00,Instagram,511,77,183,833,#news #art,video
e0c93998-041b-4137-99db-5f917d3e7a2d,2024-01-21 12:33:00,Twitter,181,240,22,1337,#inspiration,image
72617430-66ce-459e-ba5a-dacab7c21445,2024-03-20 05:23:00,Instagram,208,321,33,1550,#music #travel #inspiration,image
d38fb745-5192-44bb-8578-4fcb1ab321aa,2024-03-04 19:33:00,Twitter,89,371,247,1116,#news #food,video
881b7c9b-989f-4e5c-a188-8218fb1249aa,2024-03-28 20:57:00,Twitter,807,340,113,1866,#food,video
fb230168-3ca4-4db1-8974-bd43b6cfb5ce,2024-03-19 07:08:00,Twitter,609,45,255,1511,#news #food #fitness,texte
13e0ea73-faf8-46cf-afb7-9e31f457dd21,2024-02-17 06:51:00,Instagram,676,309,293,2276,#news #inspiration,video
d7c3e815-e906-473b-9344-16a02295e5a9,2024-02-28 18:17:00,Twitter,248,205,96,1180,#inspiration,texte
0c7de837-1a3d-4801-bc93-785d8e8c2964,2024-03-15 00:30:00,Twitter,772,425,233,1574,#tech,texte
3a859d49-a6f1-4c6b-bb5a-e75a7bc96f99,2024-03-29 20:51:00,Twitter,172,389,241,1373,#tech,texte
df350db0-6c1e-4fc8-a219-f9598c37aceb,2024-02-01 06:18:00,Twitter,732,455,271,2271,#art,video
a63cc849-527e-43a1-8308-fa876e8190a2,2024-03-01 15:14:00,Twitter,301,143,178,1562,#inspiration #travel,texte
31e47bb0-9c5b-403b-9677-0d2c617f7303,2024-02-15 18:12:00,Twitter,941,261,279,2076,#fashion,image
053300fb-7066-49b6-ad1d-6caf41952cea,2024-03-10 03:34:00,Instagram,995,95,119,1419,#fitness,texte
b637561e-591f-4d55-b8a3-7af081c07f7a,2024-01-12 19:11:00,Twitter,635,253,276,1779,#fun #food,texte
791941a7-a540-4685-8bd7-621ea54c59cb,2024-02-26 13:21:00,Twitter,764,429,191,2356,#inspiration,video
6f47c315-16c1-4b5f-9aea-ed058d21a3d4,2024-01-28 06:38:00,Twitter,248,120,163,1526,#fun #travel #tech,texte
a0be16d2-6824-41d4-8c52-d6a17be7ad29,2024-03-02 13:37:00,Instagram,268,107,44,1416,#fitness #fashion,video
9e0e1d40-7c91-4f44-984d-b2c90caa6e06,2024-04-05 03:07:00,Instagram,978,230,216,1886,#fashion,image
4f0ce278-439c-410c-b034-63d5adc03f94,2024-03-07 22:36:00,Twitter,328,487,163,1383,#fashion #fitness #music,texte
ed14e945-007f-4d91-8203-2ed2de064527,2024-02-22 07:22:00,Instagram,457,235,52,1525,#fitness,video
de3507c9-4d94-4758-8bdd-7043712bd6b4,2024-03-03 13:49:00,Instagram,659,248,46,1820,#tech #music #travel,image
731d1a91-d4b9-4458-942d-b960cbed41cf,2024-04-07 07:51:00,Twitter,967,116,186,1347,#travel #art #fitness,image
774d9838-11e0-4f30-88b8-29c2c9af7fc8,2024-03-29 15:39:00,Instagram,910,406,89,1813,#fashion,texte
c5c5a4bf-82a1-4494-bc17-250e1a74a479,2024-01-26 22:25:00,Instagram,644,242,112,1278,#news #fashion #art,video
b8fbfe99-7577-4f2d-979d-2e0efa27fb50,2024-02-06 10:48:00,Instagram,493,370,70,1599,#music #news #fashion,video
f4b9dbb0-5fd0-43c9-9db5-5ad9a0c2d922,2024-03-03 19:48:00,Instagram,921,123,98,1766,#music #food,texte
6a3352b6-7fca-464f-9d93-5b7e9c92319c,2024-02-17 05:13:00,Instagram,331,53,165,940,#travel #inspiration #music,image
aec8b9c1-c20b-496f-8465-d00d9510a309,2024-01-16 06:46:00,Instagram,138,180,143,699,#tech #fashion,video
2ff14e14-da1a-4165-bde8-7eb153f35ab1,2024-04-08 23:27:00,Instagram,44,400,192,1281,#fitness,image
2c935352-796c-4f81-8bf0-0cc43964e805,2024-03-09 11:30:00,Twitter,993,313,70,1491,#art,image
0625b08d-129c-4491-8db6-1c8abef606e1,2024-01-01 00:04:00,Twitter,933,414,51,1856,#music,image
d9ce1f0f-cd68-4351-91a4-3e83bfee5bbc,2024-01-25 03:18:00,Twitter,285,284,237,945,#music #inspiration,image
499b9918-d167-4c60-b737-f152f50f225f,2024-02-18 09:16:00,Twitter,485,495,231,2065,#fashion,video
a6942842-b27e-4065-94e7-e9f102d492ef,2024-03-24 10:27:00,Twitter,505,413,157,1460,#fun #fashion,image
3eed2466-c3de-4b74-a177-8d572d225e34,2024-02-02 08:21:00,Twitter,439,436,235,1470,#news #music #art,video
0374c419-047d-4149-97d5-d4853b63aa64,2024-02-01 11:44:00,Instagram,210,304,210,1302,#food #news,image
27614696-ebc4-4291-883a-521e75e2506c,2024-03-05 14:57:00,Instagram,506,34,52,982,#music #art,image
78eedf32-e76c-438f-9b64-78b009a28496,2024-02-26 06:40:00,Instagram,239,13,72,1022,#news #food #tech,texte
28ab24c8-3d9e-4908-ae74-e0560a9dcb5a,2024-03-10 09:38:00,Instagram,140,278,47,1104,#news #inspiration #art,texte
bff57a78-c66a-4da9-a184-96e3b466088c,2024-01-19 09:03:00,Twitter,645,412,25,1912,#food #fitness,video
fa0eec11-609d-4c64-9e4b-77ce3403b6d5,2024-01-05 19:39:00,Instagram,872,275,204,2027,#tech #fashion #inspiration,image
827d1ea1-b96a-4cf0-b465-e328cd1625a2,2024-01-01 18:50:00,Instagram,108,174,61,528,#tech #travel,video
4454fbeb-a868-4641-ac84-72efc7f5e5ec,2024-01-08 11:12:00,Instagram,151,79,209,1145,#food #fitness,video
57d6e5d2-2b37-489b-82e0-b9f4892d0239,2024-01-25 09:58:00,Instagram,62,55,113,913,#art,texte
039cf6ad-8ada-45aa-b79e-27b6c6044cd4,2024-01-13 13:18:00,Instagram,409,26,166,838,#fitness #tech #travel,texte
1de6b882-7ab6-4c1b-8c75-516af1af0cad,2024-01-31 09:41:00,Instagram,180,197,15,1226,#art #travel,texte
7af13445-b82e-4f93-b5f7-5a36beaf8c6a,2024-01-06 22:14:00,Instagram,371,131,170,1075,#music,image
4787d9b1-f9be-465d-8ce0-2510e13b8be6,2024-03-21 09:37:00,Instagram,837,168,129,1409,#fashion #music,texte
12da3627-c274-46d9-80b1-cfa0e4c7e4d0,2024-02-04 08:22:00,Instagram,446,249,245,1896,#art,texte
142b6950-28a6-4c99-8d36-44b3a5130fb7,2024-03-07 21:44:00,Twitter,180,454,267,1164,#news #travel,image
ed565c9e-1859-4bc2-8ff3-e87be60b65f9,2024-03-22 13:46:00,Twitter,635,342,259,1677,#inspiration #food #fun,texte
0164f55c-3cc9-4943-86ee-0ff52cc414e5,2024-02-09 20:28:00,Instagram,959,144,35,1372,#travel #fun,video
1e5fe1a2-0acc-4f4e-826d-0762110bafe3,2024-03-28 17:15:00,Twitter,749,43,183,1687,#inspiration #fun,texte
cf976d2c-c873-4e74-96b6-88030fb7283e,2024-02-05 04:55:00,Instagram,588,154,73,1484,#fashion #art,texte
b2bac3a5-bd44-4a1c-a50a-c952b3910a37,2024-01-28 04:08:00,Instagram,545,153,162,1342,#art #news,video
9e0b9930-8af7-4177-b6fd-6ffe38c48206,2024-03-24 12:21:00,Twitter,947,400,88,1762,#music,image
9fe2524f-8c42-40fc-b9b9-e381f75a4870,2024-01-08 14:09:00,Twitter,322,500,167,1892,#tech #inspiration,video
e3ae277d-5c33-46ba-90d6-e0d73d9ccc5c,2024-03-26 15:30:00,Twitter,720,337,29,1375,#fun #food #music,video
0f4154a1-ff62-4c84-a4e8-a6fa66ebcb8c,2024-02-23 05:46:00,Twitter,425,187,89,1282,#travel #music #tech,texte
56f65241-62a1-4a84-aa9b-ce9232ec34cd,2024-03-29 11:18:00,Instagram,480,334,228,1803,#fitness #food #music,image
dc303b69-aefe-498e-930d-92932daa5286,2024-03-18 06:53:00,Twitter,663,37,75,1111,#food,video
42c20005-0c46-4e38-a526-0e35be74be2c,2024-02-28 16:43:00,Twitter,651,134,71,1460,#fitness #food,image
f33c6e7e-9624-47b5-b771-93bab4a774ef,2024-02-25 10:46:00,Instagram,481,308,130,1343,#news #food #fashion,video
8c3497a1-e499-4ba9-891b-a3f2ad3a8342,2024-03-15 13:11:00,Twitter,801,384,39,2029,#art #fashion,image
49e95a1f-3cab-4c1d-b7fa-0b121b84afa5,2024-02-27 11:53:00,Twitter,206,463,143,1518,#inspiration #art #music,image
39879f71-11f0-404d-bb24-dc83b3190db1,2024-02-01 02:23:00,Twitter,304,52,149,1380,#tech #art,video
ebe099ad-adf8-4d4e-a71c-5ec8deecbf94,2024-01-09 02:56:00,Twitter,232,471,296,1757,#food,video
ad3e922c-70f0-4a9a-998e-908f3bd813b4,2024-03-16 00:59:00,Instagram,922,133,235,1790,#fashion #food,texte
6489b892-47ab-407d-8af3-3a527f480b28,2024-02-02 15:54:00,Twitter,876,98,12,1483,#fitness,video
e4c2113c-0210-44e7-a8e2-d516cbbef625,2024-03-11 17:51:00,Instagram,112,469,208,1729,#art #tech,texte
97a991a2-1541-4979-b3ba-5d018fafca7e,2024-04-08 14:45:00,Twitter,812,50,245,1577,#inspiration #travel #music,video
155616eb-c157-4d76-9a12-1a2f6178a91f,2024-01-21 23:40:00,Instagram,555,94,38,1335,#fashion,video
56d507c5-9602-47e3-9c51-9056cd2b7832,2024-02-02 07:47:00,Twitter,875,117,243,1676,#fun #fashion #fitness,image
66ded4e1-0824-43a7-88d2-b36af3767e26,2024-02-26 15:39:00,Twitter,896,319,49,1460,#inspiration #fun #art,image
a12762a5-bd59-4cbe-945b-f78e086a4222,2024-02-14 18:24:00,Instagram,478,402,140,1228,#food #art #travel,texte
ddf2eef0-a975-499c-8eb3-212a212418c7,2024-04-04 07:26:00,Instagram,430,124,104,1117,#fashion #tech #food,video
f053421a-a8cf-49b0-ad24-7baa03c65208,2024-01-06 01:04:00,Instagram,359,30,263,965,#inspiration,video
3f0349f4-5e8c-486f-9eca-ecc64b85b249,2024-02-17 21:50:00,Twitter,622,242,274,1540,#fitness #inspiration #news,texte
aa487d41-19f4-445b-826d-b01ec914985a,2024-01-10 02:37:00,Twitter,696,206,249,1771,#tech #fun,image
6e3b2ccf-e194-4004-beea-1d05acb41df9,2024-01-01 09:23:00,Instagram,258,432,116,1656,#music #news,image
d4b5b4ae-a3db-488b-8a45-8f6dc5139e8b,2024-03-12 05:55:00,Instagram,359,450,127,1698,#food #fun,image
13ffc3fe-ae22-4513-8cda-23c84bac7fdc,2024-03-31 00:04:00,Twitter,946,432,268,1729,#inspiration #fun #news,texte
2ffd42de-6b76-4e62-974d-f130cabe0f05,2024-03-19 02:29:00,Twitter,715,111,231,1507,#art #travel,texte
abd952a4-5022-4bfe-b074-046cc6c7bffa,2024-01-27 23:28:00,Twitter,988,77,74,1542,#fitness,video
d99c522b-6e69-41cc-98b5-2c52a0292034,2024-03-09 23:59:00,Instagram,925,38,159,1771,#inspiration #travel,image
800135ec-5188-40e4-a812-96fc3f0922a9,2024-02-05 03:37:00,Twitter,966,63,121,2125,#tech,video
d8482d0a-83b9-43aa-964b-187146c52378,2024-02-17 19:04:00,Twitter,20,379,245,1207,#fun,texte
c8432538-ec44-41dc-92b8-0e24ce6888f9,2024-02-04 01:32:00,Instagram,28,474,198,1629,#news,texte
bfa85d57-604d-4f95-afdf-9a39c8b352d3,2024-03-06 00:42:00,Instagram,273,472,138,1517,#fitness #travel #fun,texte
5e6fa61e-1044-4680-a4b2-5e9e430cc04e,2024-02-13 16:22:00,Instagram,953,243,7,1765,#fitness #food,texte
ea5847df-a5da-4401-917e-03f5f829bcf6,2024-02-09 16:56:00,Instagram,262,28,50,1153,#fitness #art,image
c471ee16-4ef8-4ae8-86dd-8c319b5af7b7,2024-03-05 04:21:00,Instagram,426,249,160,1001,#inspiration #fitness #travel,video
bc793ce3-2d3d-4a0a-9e74-c8fe2b3ef2ab,2024-01-02 00:00:00,Twitter,19,454,72,1353,#tech #food #fitness,texte
ec6cc0bd-9078-43b4-821a-740fe996c7a7,2024-03-28 14:14:00,Twitter,683,442,163,2275,#fashion,video
956ab808-186a-41b5-b2fe-cdd22360cf85,2024-02-15 18:18:00,Twitter,511,357,86,1112,#fashion #fitness,video
ac60427d-3481-42a7-b644-cca3a1b7542e,2024-03-20 22:34:00,Twitter,956,94,112,1981,#art,texte
c49fa8c5-6d17-4b02-917d-e80263991ae7,2024-03-22 21:14:00,Twitter,445,374,143,1138,#news #fun #food,image
6a4304d0-fee9-4af6-b8b2-429889f42213,2024-03-18 13:21:00,Twitter,267,108,86,1374,#news #food #fashion,video
b66392a1-4b9a-4784-8d2a-f576f0d40844,2024-03-13 12:50:00,Twitter,587,270,168,1210,#fitness #news #travel,texte
ac39cd85-2dbb-48c7-8bf1-c8f990edc016,2024-04-02 07:35:00,Twitter,985,76,48,1304,#news #fun,texte
9081ae45-01e3-4b4a-bf40-0e2ee2307dd5,2024-01-29 10:26:00,Instagram,526,473,296,1871,#art #fashion #fitness,video
09002eb5-d812-4f09-8674-047dd249530d,2024-03-24 09:49:00,Twitter,384,87,274,1322,#fun #tech #music,video
80e488fd-649c-4778-902e-7b451ce834a2,2024-03-26 14:38:00,Twitter,891,323,128,2247,#fitness,video
dd641864-732f-47fd-a939-5b01dc114606,2024-02-05 03:08:00,Instagram,110,451,183,1267,#food,video
a4ff4337-bd4a-46a7-a00b-f3fa379bb6c2,2024-01-07 04:19:00,Instagram,848,355,118,1871,#fitness #travel #fun,image
a71add59-3033-4804-b96a-a042928e4186,2024-03-16 22:06:00,Twitter,849,293,0,1781,#fun #inspiration,texte
092ad659-5db2-4056-86fa-4ebc70e48edb,2024-01-11 20:57:00,Twitter,882,215,192,1562,#fashion #travel,image
e598805b-a346-41cd-86dd-34e453ab708c,2024-03-01 19:51:00,Instagram,552,241,166,1885,#travel #music #fitness,video
a11c80e6-8f43-4a63-8862-db70ced3695d,2024-03-22 03:49:00,Twitter,515,62,299,1174,#fitness #food,video
43a5effb-33a3-4fb6-b9d6-a691d735099c,2024-01-06 01:23:00,Twitter,327,391,269,1438,#music #tech #fashion,texte
f8fe9605-1eb8-4b2e-a789-8b4de988568e,2024-03-30 20:40:00,Twitter,444,24,259,1696,#inspiration,texte
197fc272-b2d3-4ad0-9f5c-d6b6c9e650a3,2024-01-08 03:13:00,Instagram,259,472,221,1373,#fashion,texte
c25a40bb-be28-433a-b80e-a526f2e70b60,2024-01-21 09:58:00,Twitter,934,241,176,1728,#music #fun,image
fda47a21-df18-4678-9133-b9364aefff2d,2024-03-17 02:14:00,Twitter,519,338,120,1594,#inspiration #fun #tech,texte
b96f2910-7b80-4f82-8b4a-a22d2830c6d0,2024-02-27 15:19:00,Twitter,495,365,112,1772,#fashion #news,texte
3caafa57-c224-442d-b463-bf84c7c39839,2024-02-27 03:57:00,Instagram,317,426,170,1625,#fitness #fun,video
aa67695f-03fb-48eb-8e9d-0e28219c4923,2024-01-08 06:49:00,Instagram,922,325,30,2003,#food #inspiration,texte
899c0a63-064f-46ad-a774-0a5f7447c007,2024-02-28 17:34:00,Twitter,874,424,21,1840,#food,video
5a0d534c-df95-45fe-8728-db66da57672e,2024-02-11 12:06:00,Instagram,850,498,186,2094,#art #music #tech,image
728cd2f0-7308-480e-9112-c8050f520d35,2024-01-24 23:46:00,Twitter,750,120,46,1039,#food,video
d03fcedf-9d8d-48c2-8472-9e308e28584a,2024-02-29 08:38:00,Instagram,895,485,255,1993,#travel #fashion #fitness,video
d8fefafb-2a01-40aa-9c88-703951d49b88,2024-04-02 14:08:00,Twitter,754,363,80,1665,#fitness #travel #inspiration,texte
16122b46-3fc7-400c-b99c-fad8ed470082,2024-01-06 03:42:00,Twitter,182,386,214,900,#fitness #inspiration #fashion,texte
a87da934-235f-455d-acac-22ee65170bd0,2024-01-16 23:03:00,Instagram,589,138,219,1890,#news #music,texte
876dfe4e-ed9e-414d-a915-bc3d7ad04f78,2024-02-17 11:10:00,Instagram,181,26,16,309,#fashion #fitness #travel,texte
e3024bee-0836-4080-a5bc-a22173ca777d,2024-03-26 05:22:00,Twitter,352,176,150,1081,#news,texte
67fd6a27-9d07-43b5-9245-0ad0eb46a510,2024-01-13 21:23:00,Twitter,684,280,64,1790,#fitness #news #music,texte
eaac7a1c-331f-4297-8d72-ef20d01ac17e,2024-02-09 20:25:00,Instagram,485,298,220,1910,#food,texte
84a92d5d-debf-4c4b-a511-6cd2c34a3718,2024-02-02 06:22:00,Instagram,728,445,211,1574,#food #art #tech,texte
cd3fa54c-b5db-44d3-80b2-3af049942354,2024-01-10 23:05:00,Instagram,562,381,292,1759,#fun #tech,video
e72ea65f-b219-4522-9e55-49a53fcba5b6,2024-02-25 13:41:00,Twitter,441,16,72,1515,#food #tech #fun,image
4c9f8e7a-30ff-404d-8d2e-bbd1fc8f167b,2024-03-29 13:02:00,Instagram,387,383,73,1170,#news #inspiration,image
1be4f138-f5de-43dd-92cc-654f7a62502f,2024-02-20 06:24:00,Twitter,482,492,227,1874,#news #food,image
8308a950-517f-4e8c-8a0e-8a17cb414320,2024-03-16 23:41:00,Instagram,126,105,155,1072,#travel #fashion #food,texte
a4e01b4e-1219-469e-9055-9cd2a1946d44,2024-02-09 11:24:00,Instagram,523,55,179,833,#fun #art #food,texte
669c4e19-b3cf-4685-b56f-1431c8368520,2024-01-06 22:14:00,Instagram,319,410,111,1318,#art,video
5351e1cf-e0ec-4f71-a6bc-ebc799b463ac,2024-01-03 19:59:00,Twitter,323,306,79,1456,#travel #fun #music,texte
ed92943a-2ba2-484c-8806-bdae1268f09f,2024-04-10 05:15:00,Twitter,695,244,99,1429,#inspiration,texte
b9932bcf-03fb-476b-bffe-c87d9622f07f,2024-01-14 17:08:00,Instagram,794,401,186,1483,#music #news,texte
1af25794-6c52-4ad6-bb53-b2d519fef0c1,2024-02-21 03:33:00,Twitter,161,31,58,1041,#fun,image
